[{"ripartizione_geografica":"Nord-ovest","codice_regione":"01","denominazione_regione":"Piemonte","tipologia_regione":"statuto ordinario","numero_province":"8","numero_comuni":"1180","superficie_kmq":"25391.6652"},{"ripartizione_geografica":"Nord-ovest","codice_regione":"02","denominazione_regione":"Valle d'Aosta\/Vall\u00e9e d'Aoste","tipologia_regione":"statuto speciale","numero_province":"1","numero_comuni":"74","superficie_kmq":"3258.6082"},{"ripartizione_geografica":"Nord-ovest","codice_regione":"03","denominazione_regione":"Lombardia","tipologia_regione":"statuto ordinario","numero_province":"12","numero_comuni":"1502","superficie_kmq":"23862.8675"},{"ripartizione_geografica":"Nord-est","codice_regione":"04","denominazione_regione":"Trentino-Alto Adige\/S\u00fcdtirol","tipologia_regione":"statuto speciale","numero_province":"2","numero_comuni":"282","superficie_kmq":"13605.9652"},{"ripartizione_geografica":"Nord-est","codice_regione":"05","denominazione_regione":"Veneto","tipologia_regione":"statuto ordinario","numero_province":"7","numero_comuni":"560","superficie_kmq":"18351.4940"},{"ripartizione_geografica":"Nord-est","codice_regione":"06","denominazione_regione":"Friuli-Venezia Giulia","tipologia_regione":"statuto speciale","numero_province":"4","numero_comuni":"215","superficie_kmq":"7936.8334"},{"ripartizione_geografica":"Nord-ovest","codice_regione":"07","denominazione_regione":"Liguria","tipologia_regione":"statuto ordinario","numero_province":"4","numero_comuni":"234","superficie_kmq":"5417.7138"},{"ripartizione_geografica":"Nord-est","codice_regione":"08","denominazione_regione":"Emilia-Romagna","tipologia_regione":"statuto ordinario","numero_province":"9","numero_comuni":"330","superficie_kmq":"22501.8179"},{"ripartizione_geografica":"Centro","codice_regione":"09","denominazione_regione":"Toscana","tipologia_regione":"statuto ordinario","numero_province":"10","numero_comuni":"273","superficie_kmq":"22985.0065"},{"ripartizione_geografica":"Centro","codice_regione":"10","denominazione_regione":"Umbria","tipologia_regione":"statuto ordinario","numero_province":"2","numero_comuni":"92","superficie_kmq":"8463.9686"},{"ripartizione_geografica":"Centro","codice_regione":"11","denominazione_regione":"Marche","tipologia_regione":"statuto ordinario","numero_province":"5","numero_comuni":"225","superficie_kmq":"9344.5422"},{"ripartizione_geografica":"Centro","codice_regione":"12","denominazione_regione":"Lazio","tipologia_regione":"statuto ordinario","numero_province":"5","numero_comuni":"378","superficie_kmq":"17236.4882"},{"ripartizione_geografica":"Sud","codice_regione":"13","denominazione_regione":"Abruzzo","tipologia_regione":"statuto ordinario","numero_province":"4","numero_comuni":"305","superficie_kmq":"10828.8887"},{"ripartizione_geografica":"Sud","codice_regione":"14","denominazione_regione":"Molise","tipologia_regione":"statuto ordinario","numero_province":"2","numero_comuni":"136","superficie_kmq":"4459.7979"},{"ripartizione_geografica":"Sud","codice_regione":"15","denominazione_regione":"Campania","tipologia_regione":"statuto ordinario","numero_province":"5","numero_comuni":"550","superficie_kmq":"13667.8486"},{"ripartizione_geografica":"Sud","codice_regione":"16","denominazione_regione":"Puglia","tipologia_regione":"statuto ordinario","numero_province":"6","numero_comuni":"257","superficie_kmq":"19322.4488"},{"ripartizione_geografica":"Sud","codice_regione":"17","denominazione_regione":"Basilicata","tipologia_regione":"statuto ordinario","numero_province":"2","numero_comuni":"131","superficie_kmq":"10071.5942"},{"ripartizione_geografica":"Sud","codice_regione":"18","denominazione_regione":"Calabria","tipologia_regione":"statuto ordinario","numero_province":"5","numero_comuni":"404","superficie_kmq":"15212.6514"},{"ripartizione_geografica":"Isole","codice_regione":"19","denominazione_regione":"Sicilia","tipologia_regione":"statuto speciale","numero_province":"9","numero_comuni":"391","superficie_kmq":"25320.6064"},{"ripartizione_geografica":"Isole","codice_regione":"20","denominazione_regione":"Sardegna","tipologia_regione":"statuto speciale","numero_province":"9","numero_comuni":"377","superficie_kmq":"24106.2963"}]